{"actions":[],"apps":[{"acl":{"app":[],"field":[],"record":[]},"app":null,"category":{"categories":[],"useCategory":"false"},"form":{"layout":"[{\"id\":null,\"type\":\"ROW\",\"isSubTable\":false,\"var\":null,\"controlList\":[{\"label\":\"\\u003Cdiv\\u003E\\u003Cb\\u003E\\u003Cfont size=\\\"6\\\"\\u003Eフォルダの作成はこちら\\u003C/font\\u003E\\u003C/b\\u003E\\u003C/div\\u003E\",\"styleMap\":{\"width\":384},\"formatted\":\"\\u003Cdiv\\u003E\\u003Cb\\u003E\\u003Cfont size=\\\"6\\\"\\u003Eフォルダの作成はこちら\\u003C/font\\u003E\\u003C/b\\u003E\\u003C/div\\u003E\",\"type\":\"LABEL\"}]},{\"id\":null,\"type\":\"ROW\",\"isSubTable\":false,\"var\":null,\"controlList\":[{\"isVirtical\":true,\"styleMap\":{\"width\":193},\"type\":\"SINGLE_LINE_TEXT\",\"var\":\"folderName\",\"label\":\"フォルダ名\"},{\"isVirtical\":true,\"styleMap\":{\"width\":193},\"type\":\"DECIMAL\",\"var\":\"folderSort\",\"label\":\"フォルダ順\"},{\"isVirtical\":true,\"styleMap\":{\"width\":193},\"type\":\"SINGLE_LINE_TEXT\",\"var\":\"fParentFolder\",\"label\":\"親フォルダ名（あれば）\"},{\"label\":\"\\u003Cdiv\\u003E\\u003Cb\\u003E\\u003Cbr /\\u003E\\u003C/b\\u003E\\u003C/div\\u003E\\u003Cdiv\\u003E\\u003Cb style=\\\"line-height: 1.5;\\\"\\u003E※フォルダは2階層目までです！\\u003C/b\\u003E\\u003Cbr /\\u003E\\u003C/div\\u003E\\u003Cdiv\\u003E\\u003Cb\\u003E※孫フォルダは作れません！\\u003C/b\\u003E\\u003C/div\\u003E\",\"styleMap\":{\"width\":237},\"formatted\":\"\\u003Cdiv\\u003E\\u003Cb\\u003E\\u003Cbr\\u003E\\u003C/b\\u003E\\u003C/div\\u003E\\u003Cdiv\\u003E\\u003Cb style=\\\"line-height: 1.5;\\\"\\u003E※フォルダは2階層目までです！\\u003C/b\\u003E\\u003Cbr\\u003E\\u003C/div\\u003E\\u003Cdiv\\u003E\\u003Cb\\u003E※孫フォルダは作れません！\\u003C/b\\u003E\\u003C/div\\u003E\",\"type\":\"LABEL\"}]},{\"id\":null,\"type\":\"ROW\",\"isSubTable\":false,\"var\":null,\"controlList\":[{\"isVirtical\":true,\"styleMap\":{\"width\":253},\"type\":\"MULTIPLE_CHECK\",\"var\":\"defaultOpen\",\"label\":\"最初から開いた状態にする\",\"align\":\"horizontal\"},{\"label\":\"\\u003Cdiv\\u003E\\u003Cb\\u003E※2階層目フォルダの場合、\\u003C/b\\u003E\\u003C/div\\u003E\\u003Cdiv\\u003E\\u003Cb\\u003E親フォルダも最初から開いている必要があります。\\u003C/b\\u003E\\u003C/div\\u003E\",\"styleMap\":{\"width\":531},\"formatted\":\"\\u003Cdiv\\u003E\\u003Cb\\u003E※2階層目フォルダの場合、\\u003C/b\\u003E\\u003C/div\\u003E\\u003Cdiv\\u003E\\u003Cb\\u003E親フォルダも最初から開いている必要があります。\\u003C/b\\u003E\\u003C/div\\u003E\",\"type\":\"LABEL\"}]},{\"id\":null,\"type\":\"ROW\",\"isSubTable\":false,\"var\":null,\"controlList\":[{\"label\":\"\\u003Cdiv\\u003E\\u003Cb\\u003E\\u003Cfont size=\\\"6\\\"\\u003Eアプリリンクの作成はこちら\\u003C/font\\u003E\\u003C/b\\u003E\\u003C/div\\u003E\",\"styleMap\":{\"width\":448},\"formatted\":\"\\u003Cdiv\\u003E\\u003Cb\\u003E\\u003Cfont size=\\\"6\\\"\\u003Eアプリリンクの作成はこちら\\u003C/font\\u003E\\u003C/b\\u003E\\u003C/div\\u003E\",\"type\":\"LABEL\"}]},{\"id\":null,\"type\":\"ROW\",\"isSubTable\":false,\"var\":null,\"controlList\":[{\"isVirtical\":true,\"styleMap\":{\"width\":193},\"type\":\"SINGLE_LINE_TEXT\",\"var\":\"appName\",\"label\":\"アプリ名\"},{\"isVirtical\":true,\"styleMap\":{\"width\":193},\"type\":\"DECIMAL\",\"var\":\"appSort\",\"label\":\"アプリ順\"},{\"isVirtical\":true,\"styleMap\":{\"width\":193},\"type\":\"SINGLE_LINE_TEXT\",\"var\":\"aParentFolder\",\"label\":\"親フォルダ名（必須）\"},{\"label\":\"\\u003Cdiv\\u003E\\u003Cb\\u003E\\u003Cbr /\\u003E\\u003C/b\\u003E\\u003C/div\\u003E\\u003Cdiv\\u003E\\u003Cb style=\\\"line-height: 1.5;\\\"\\u003E※親フォルダは必ず入力してください。\\u003C/b\\u003E\\u003Cbr /\\u003E\\u003C/div\\u003E\\u003Cdiv\\u003E\\u003Cb\\u003E※1階層目にアプリリンクは置けません。\\u003C/b\\u003E\\u003C/div\\u003E\",\"styleMap\":{\"width\":293},\"formatted\":\"\\u003Cdiv\\u003E\\u003Cb\\u003E\\u003Cbr\\u003E\\u003C/b\\u003E\\u003C/div\\u003E\\u003Cdiv\\u003E\\u003Cb style=\\\"line-height: 1.5;\\\"\\u003E※親フォルダは必ず入力してください。\\u003C/b\\u003E\\u003Cbr\\u003E\\u003C/div\\u003E\\u003Cdiv\\u003E\\u003Cb\\u003E※1階層目にアプリリンクは置けません。\\u003C/b\\u003E\\u003C/div\\u003E\",\"type\":\"LABEL\"}]},{\"id\":null,\"type\":\"ROW\",\"isSubTable\":false,\"var\":null,\"controlList\":[{\"isVirtical\":true,\"styleMap\":{\"width\":579},\"type\":\"SINGLE_LINE_TEXT\",\"var\":\"url\",\"label\":\"URL\"}]}]","revision":null},"iconMeta":null,"info":{"code":null,"decimalPrecision":"16","decimalScale":"4","description":"\u003Cdiv\u003E\u003Cbr /\u003E\u003C/div\u003E","enableBulkDeletion":"false","fiscalYearStartMonth":"4","iconKey":"APP39","iconType":"PRESET","jsFiles":null,"jsScope":"ALL","name":"ポータル版アプリ一覧","roundingMode":"HALF_EVEN","theme":"PLAIN","titleComponentLocalId":null,"useComment":"true","useHistory":"true","useThumbnail":"true"},"jsFiles":[{"jsFileMetas":[{"internalName":null,"locationType":"BLOB","mime":"application/javascript","name":"appIndexAppSide.js","url":null}],"jsType":"DESKTOP"}],"notification":{"appNotifications":[{"events":["RECORD_COMMENT_ADDED"],"target":{"entityId":"5325899","entityType":"FIELD_ENTITY","includeSubs":"false"}},{"events":["RECORD_COMMENT_ADDED"],"target":{"entityId":"5325900","entityType":"FIELD_ENTITY","includeSubs":"false"}}],"recordNotifications":[],"reminderTimezone":null,"reminders":[],"useComment":"true","useReminder":"false"},"plugin":{"pluginIds":[]},"reports":[],"resource":{"tables":[{"rows":[{"fields":[],"objectId":"0","subObjectId":"-1"}],"type":"AppName"},{"rows":[{"fields":[],"objectId":"0","subObjectId":"-1"}],"type":"AppDescription"},{"rows":[{"fields":[],"objectId":"5325898","subObjectId":"-1"},{"fields":[],"objectId":"5325899","subObjectId":"-1"},{"fields":[],"objectId":"5325900","subObjectId":"-1"},{"fields":[],"objectId":"5325901","subObjectId":"-1"},{"fields":[],"objectId":"5325902","subObjectId":"-1"},{"fields":[],"objectId":"5325903","subObjectId":"-1"},{"fields":[],"objectId":"5325904","subObjectId":"-1"},{"fields":[],"objectId":"5325905","subObjectId":"-1"},{"fields":[],"objectId":"5325906","subObjectId":"-1"},{"fields":[],"objectId":"5325907","subObjectId":"-1"},{"fields":[],"objectId":"5325908","subObjectId":"-1"},{"fields":[],"objectId":"5325909","subObjectId":"-1"},{"fields":[],"objectId":"5325910","subObjectId":"-1"},{"fields":[],"objectId":"5325911","subObjectId":"-1"},{"fields":[],"objectId":"5325912","subObjectId":"-1"},{"fields":[],"objectId":"5325925","subObjectId":"-1"},{"fields":[],"objectId":"5325925","subObjectId":"5325924"}],"type":"FieldLabel"},{"rows":[{"fields":[],"objectId":"20","subObjectId":"-1"}],"type":"ViewName"}]},"schema":{"groups":[],"revision":null,"subTable":{},"table":{"fieldList":{"5325898":{"id":"5325898","label":"レコード番号","properties":{"noLabel":"false","required":"true"},"type":"RECORD_ID","var":"レコード番号"},"5325899":{"id":"5325899","label":"更新者","properties":{"noLabel":"false","required":"true"},"type":"MODIFIER","var":"更新者"},"5325900":{"id":"5325900","label":"作成者","properties":{"noLabel":"false","required":"true"},"type":"CREATOR","var":"作成者"},"5325901":{"id":"5325901","label":"更新日時","properties":{"noLabel":"false","required":"true"},"type":"MODIFIED_AT","var":"更新日時"},"5325902":{"id":"5325902","label":"作成日時","properties":{"noLabel":"false","required":"true"},"type":"CREATED_AT","var":"作成日時"},"5325903":{"id":"5325903","label":"ステータス","properties":{"noLabel":"false","required":"false"},"type":"STATUS","var":"ステータス"},"5325904":{"id":"5325904","label":"作業者","properties":{"noLabel":"false","required":"false"},"type":"STATUS_ASSIGNEE","var":"作業者"},"5325905":{"id":"5325905","label":"カテゴリー","properties":{"noLabel":"false","required":"false"},"type":"CATEGORY","var":"カテゴリー"},"5325906":{"id":"5325906","label":"フォルダ名","properties":{"defaultValue":"","expression":"","hideExpression":"false","max":"64","min":null,"noLabel":"false","required":"false","unique":"true"},"type":"SINGLE_LINE_TEXT","var":"folderName"},"5325907":{"id":"5325907","label":"フォルダ順","properties":{"defaultValue":null,"digit":"false","displayScale":null,"max":null,"min":null,"noLabel":"false","required":"false","roundingMode":null,"scale":null,"unique":"false","unit":"番目","unitPosition":"AFTER"},"type":"DECIMAL","var":"folderSort"},"5325908":{"id":"5325908","label":"親フォルダ名（あれば）","properties":{"defaultValue":"","expression":"","hideExpression":"false","max":null,"min":null,"noLabel":"false","required":"false","unique":"false"},"type":"SINGLE_LINE_TEXT","var":"fParentFolder"},"5325909":{"id":"5325909","label":"アプリ名","properties":{"defaultValue":"","expression":"","hideExpression":"false","max":null,"min":null,"noLabel":"false","required":"false","unique":"false"},"type":"SINGLE_LINE_TEXT","var":"appName"},"5325910":{"id":"5325910","label":"アプリ順","properties":{"defaultValue":null,"digit":"false","displayScale":null,"max":null,"min":null,"noLabel":"false","required":"false","roundingMode":null,"scale":null,"unique":"false","unit":"番目","unitPosition":"AFTER"},"type":"DECIMAL","var":"appSort"},"5325911":{"id":"5325911","label":"親フォルダ名（必須）","properties":{"defaultValue":"","expression":"","hideExpression":"false","max":null,"min":null,"noLabel":"false","required":"false","unique":"false"},"type":"SINGLE_LINE_TEXT","var":"aParentFolder"},"5325912":{"id":"5325912","label":"URL","properties":{"defaultValue":"","expression":"","hideExpression":"false","max":null,"min":null,"noLabel":"false","required":"false","unique":"false"},"type":"SINGLE_LINE_TEXT","var":"url"},"5325925":{"id":"5325925","label":"最初から開いた状態にする","properties":{"defaultValue":[],"noLabel":"true","options":[{"id":"5325924","label":"最初から開いた状態にする","valid":true}],"required":"false"},"type":"MULTIPLE_CHECK","var":"defaultOpen"}},"id":"1","label":"__ROOT__","var":"__ROOT__"}},"status":{"actions":[],"filters":[],"initialStateId":null,"states":[],"useStatus":"false"},"uuid":"c763e094-0eae-476c-81b5-585f39c7bfd3","views":[{"advancedMode":null,"builtinType":"ALL","fields":[{"row":[{"id":"5325898"},{"id":"5325906"},{"id":"5325907"},{"id":"5325908"},{"id":"5325909"},{"id":"5325910"},{"id":"5325911"},{"id":"5325912"},{"id":"5325925"}]}],"filter":{"category":null,"offset":null,"order":[],"q":null,"size":null,"sort":[]},"html":null,"keyFieldId":null,"name":"（すべて）","pager":null,"revision":null,"titleFieldId":null,"view":"20","viewType":"LIST"}]}],"description":"","iconKey":"APP39","iconMeta":null,"iconSrcAppId":"c763e094-0eae-476c-81b5-585f39c7bfd3","iconType":"PRESET","imagesMeta":[],"lookups":[],"name":"ポータル版アプリ一覧","references":[],"version":"16"}